,variable,importance,correlation,unbalance,statistical_parity,equalized_odds
0,Category_Art,0.0026943751583945463,-0.009863185828604331,1.0042748383762503,0.017204773036081145,-0.12411816624487737
1,Category_Comics,0.0002054127596003763,0.05896995616195357,0.9845780174187034,-0.16238143604299105,0.05047261226110418
2,Category_Crafts,0.00037614544290458517,-0.06371631514028449,1.0151982797307073,0.19144052354306196,-0.3445283001546249
3,Category_Dance,0.00033879766843178947,0.03824798393758099,0.9942887521799016,-0.18091240985127333,-0.01880721459134591
4,Category_Design,0.003054514412239362,0.013608256784028919,0.9939060690949653,-0.023090092840375498,0.050214181190351787
5,Category_Fashion,0.002216857184778087,-0.06912201802419793,1.0269720452199727,0.1320287768842042,-0.12254447413297359
6,Category_Film & Video,0.006818636539461953,0.024762341801606212,0.9830844864700387,-0.030441166258233177,0.030931535330447648
7,Category_Food,0.0014352216190260058,-0.058583312652251036,1.0237493355109943,0.10823199805313932,-0.047347753616640974
8,Category_Games,0.005140654386362775,0.027191527325418633,0.9866762853045092,-0.042825275063771095,0.08634145466562171
9,Category_Journalism,0.0001173787197716436,-0.03686200173639957,1.006362572722462,0.15131770100875416,-0.17768504595190268
10,Category_Music,0.013615931493510813,0.1441617232369315,0.9142497211108693,-0.19531429825455143,0.1777214945001494
11,Category_Photography,0.00040549012284749606,-0.03454216098937264,1.0091524184946483,0.09395203707222707,-0.14347922056707138
12,Category_Publishing,0.003449333742380345,-0.06678478697497786,1.034925517927176,0.09983405441754759,-0.15622550592996026
13,Category_Technology,0.0031185391684784404,-0.07965007046359189,1.0375353446964508,0.12951907970789994,8.144821989653286e-05
14,Category_Theater,0.002328900508196474,0.0765720492405075,0.9792443689275445,-0.20386320236103006,0.030360751938156218
15,Subcategory_3D Printing,0.0,0.0013074995646129856,0.9999178079055533,-0.014575829536459473,0.050649042934766283
16,Subcategory_Academic,0.0,-0.024213946433181085,1.0018821210526405,0.21850067189467404,-0.330097205510951
17,Subcategory_Accessories,3.201237811953916e-05,-0.010203143011461491,1.0013985336413391,0.05249629111705731,-0.1357158335545698
18,Subcategory_Action,2.667698176628264e-06,-0.023185911347478935,1.0016000441567643,0.2355306829977128,-0.38548681203861895
19,Subcategory_Animals,5.335396353256528e-06,-0.012052353667016518,1.0004406047287562,0.23077441165224039,-0.5504613260863073
20,Subcategory_Animation,1.0670792706513055e-05,-0.004920579700226416,1.0006078028474514,0.028051097807993586,0.08621806814139679
21,Subcategory_Anthologies,2.667698176628264e-06,0.02993961162803827,0.9978804464071613,-0.29650053427274564,0.13923220997879593
22,Subcategory_Apparel,0.00020274506142374803,-0.05250239186359901,1.0112320149227076,0.17506397238008312,-0.17742153053310772
23,Subcategory_Apps,0.00012271411612490012,-0.07277157543456653,1.0148153663393609,0.25451691891310874,-0.2672541919394946
24,Subcategory_Architecture,0.0,-0.012349570375773118,1.000866077959957,0.12345447983639207,-0.16413701325924704
25,Subcategory_Art,0.00021875125048351763,-0.0010390659085778508,1.0002402159401864,0.003216494295408212,-0.09470832807107755
26,Subcategory_Art Books,8.00309452988479e-06,0.02347681893472217,0.9969914076473974,-0.12906574660060405,0.01373533846788912
27,Subcategory_Audio,2.667698176628264e-06,-0.00920295749693082,1.0004503129067355,0.13171360111034852,-0.2367716451926793
28,Subcategory_Bacon,2.667698176628264e-06,-0.012711871412585535,1.000480662410627,0.23533649591620603,-0.4253530175711108
29,Subcategory_Blues,0.0,-0.002896938158991992,1.0001164689175917,0.05044448003844154,-0.18130209574838332
30,Subcategory_Calendars,0.0,-0.006695780387615267,1.000312371599967,0.10050333106367071,-0.27775015404823494
31,Subcategory_Camera Equipment,0.0,0.006102262158911863,0.9996682992333311,-0.07863752280964176,0.19376032783285782
32,Subcategory_Candles,2.667698176628264e-06,-0.019822255737794846,1.001099957953045,0.2502348789745948,-0.4433348366617428
33,Subcategory_Ceramics,0.0,-0.0070091949707924575,1.000289819313909,0.11867837432469819,-0.2740901827618968
34,Subcategory_Children's Books,0.00010670792706513055,-0.01896238037673575,1.003946525373687,0.06492596381751861,-0.11334955965753407
35,Subcategory_Childrenswear,2.667698176628264e-06,-0.017665955654048354,1.0010380991680579,0.21063125642340177,-0.21214988186101572
36,Subcategory_Chiptune,0.0,0.007163632270735317,0.9999201466127262,-0.4496144970453666,-0.05021723964844983
37,Subcategory_Civic Design,0.0,-0.0006866262766202633,1.0000276052213886,0.011956246079098787,-0.1753593401913819
38,Subcategory_Classical Music,6.402475623907833e-05,0.0456714646701347,0.9941023862630316,-0.24920460897561503,0.10845488830187533
39,Subcategory_Comedy,2.667698176628264e-06,-0.006432162420350396,1.0007862820249174,0.0370473718936945,-0.18895811715854088
40,Subcategory_Comic Books,1.8673887236397845e-05,0.025777429127373196,0.9967188316818189,-0.1426611445213785,-0.044437493762499426
41,Subcategory_Comics,2.4009283589654374e-05,0.04067819987748683,0.9928190094759581,-0.1633639076590645,0.11178744002436117
42,Subcategory_Community Gardens,0.0,-0.011074222493074761,1.0004095298288778,0.20962342740873843,-0.467092110487295
43,Subcategory_Conceptual Art,1.3338490883141318e-05,-0.0026162192519323725,1.0002038803906648,0.023547662351556642,-0.06666867267147294
44,Subcategory_Cookbooks,0.0,-0.01155749313123559,1.000650995284474,0.14374231173456176,-0.18740941289596363
45,Subcategory_Country & Folk,0.0002801083085459677,0.07152370381727088,0.9878945075889789,-0.29927541172449545,0.19334002862812344
46,Subcategory_Couture,0.0,-0.013983211783878832,1.0006188398016287,0.22123031765526557,-0.3837339053554698
47,Subcategory_Crafts,0.00012004641794827187,-0.04502155277833975,1.0077376423834135,0.1855880529917351,-0.3346499597662923
48,Subcategory_Crochet,0.0,-0.0141619690029335,1.0004670652289955,0.30054980249813174,-0.8004557567385742
49,Subcategory_DIY,5.335396353256528e-06,-0.028794673193222677,1.00242694225826,0.23973505938829923,-0.4324686323403522
50,Subcategory_DIY Electronics,0.0,0.01680612810837342,0.9986903085581349,-0.15126600335223422,0.09054322402495142
51,Subcategory_Dance,0.00013872030518466972,0.04635561970352082,0.9945771165005621,-0.27884516478159566,0.11810165115666317
52,Subcategory_Design,3.734777447279569e-05,-0.00645111952877861,1.0010435236243531,0.02821397247020957,-0.03273042947047036
53,Subcategory_Digital Art,2.667698176628264e-06,-0.01591032932643159,1.001489245266784,0.11936221316197101,-0.2142285285498331
54,Subcategory_Documentary,0.00013872030518466972,0.021847035397661745,0.9929499007168417,-0.04948031662676655,0.11487660669422142
55,Subcategory_Drama,4.0015472649423955e-05,-0.01796018907617259,1.0021345765877574,0.10636047325104589,-0.30628426388827534
56,Subcategory_Drinks,1.0670792706513055e-05,-0.01313880299546007,1.001677287230055,0.07250645488541047,0.005862981948440229
57,Subcategory_Electronic Music,2.134158541302611e-05,-0.0036571791806128532,1.0004278328444292,0.02199920393203908,0.02683103512010123
58,Subcategory_Embroidery,0.0,-0.007936334594279379,1.0001823946736943,0.24164075534955554,-0.4669372868957662
59,Subcategory_Events,2.667698176628264e-06,-0.021087496693459686,1.0015204984486563,0.20505788060262556,-0.34355356139015314
60,Subcategory_Experimental,2.667698176628264e-06,-0.012861675562387605,1.000946662587196,0.12253295855648522,-0.33131084540206085
61,Subcategory_Fabrication Tools,0.0,-0.007912266505840327,1.0003119243333196,0.14050319670052455,-0.0752435219990116
62,Subcategory_Faith,2.667698176628264e-06,0.004134346084063398,0.9996523063828284,-0.03449672090721645,-0.05184521683381081
63,Subcategory_Family,0.0,-0.009861223882277536,1.0004500708069102,0.15129096586914836,0.03311278184619926
64,Subcategory_Fantasy,0.0,-0.00543380817957868,1.0002366270836611,0.08736582259366979,-0.18130759946305597
65,Subcategory_Farmer's Markets,0.0,-0.01672849779634338,1.0008549850071773,0.22923776585293273,-0.4254870906431156
66,Subcategory_Farms,0.0,-0.013677501592458554,1.001103581955259,0.11892283634612627,-0.12126452499855725
67,Subcategory_Fashion,0.00038148083925784173,-0.0337248821213416,1.0080144010988685,0.10169033326688368,-0.06506815183076971
68,Subcategory_Festivals,2.667698176628264e-06,-0.006210518678190258,1.0004571150664783,0.0591675030300404,-0.3387140645597778
69,Subcategory_Fiction,0.0004108255192007526,-0.058422411309354695,1.0142124895918896,0.17227862787327286,-0.27604073184150657
70,Subcategory_Film & Video,0.00016272958877432407,-0.009146864505902848,1.0022245545229238,0.02697976142449493,0.0004170432378919377
71,Subcategory_Fine Art,2.667698176628264e-06,-0.019853168724710046,1.001431498137766,0.19305509616028088,-0.42311248494843623
72,Subcategory_Flight,0.0,-0.014001252182456347,1.000753002405151,0.18235613084739705,-0.22144535779559466
73,Subcategory_Food,0.00037081004655132866,-0.022946848480335284,1.0062812713085545,0.060533501245728455,0.007840395987236844
74,Subcategory_Food Trucks,5.335396353256528e-06,-0.031824928110126785,1.0033117537409202,0.21494904251585506,-0.1484252180762298
75,Subcategory_Footwear,2.667698176628264e-06,0.004093211510094407,0.9996961336781672,-0.038664843504622626,0.16767560505484433
76,Subcategory_Gadgets,1.600618905976958e-05,-0.0004109547900139579,1.000055374902474,0.0021502647474504477,0.1442776005441947
77,Subcategory_Games,5.602166170919354e-05,-0.021588662116987147,1.0030570029481376,0.10757784437179643,-0.10905445135726684
78,Subcategory_Gaming Hardware,0.0,-0.004098311764829472,1.0002330996256574,0.050479517010164676,0.07525959580137251
79,Subcategory_Glass,0.0,-0.008781066950815649,1.0002447418240354,0.2204830144370613,-0.5146348501523476
80,Subcategory_Graphic Design,1.0670792706513055e-05,-0.002877361599344699,1.0003244084650673,0.01795166449691421,-0.1250811835610644
81,Subcategory_Graphic Novels,8.00309452988479e-06,0.026063044015753815,0.9971686919128911,-0.16869502840706574,0.059397374190731225
82,Subcategory_Hardware,1.8673887236397845e-05,0.009708318897724387,0.9985920863619756,-0.0472563799636147,0.17515468640972498
83,Subcategory_Hip-Hop,0.00013338490883141318,-0.03547871594071302,1.0053761639732224,0.16541252049851987,-0.03368903054005903
84,Subcategory_Horror,2.667698176628264e-06,-0.01305983299208997,1.001122322866643,0.10665382110775104,-0.20247306682507027
85,Subcategory_Illustration,6.402475623907833e-05,0.009862045927221383,0.9986324116088241,-0.05016421131280602,-0.11703885373327222
86,Subcategory_Immersive,5.335396353256528e-06,0.0007888723537696659,0.9999613994302605,-0.011290415995732828,-0.20048688801017656
87,Subcategory_Indie Rock,0.0005308719371490244,0.09249984604002959,0.982585024569534,-0.34895024612540493,0.24694823011023265
88,Subcategory_Installations,0.0,-0.0019432951150221377,1.0000993208241464,0.026629804778882715,-0.26572670068342324
89,Subcategory_Interactive Design,0.0,-0.012802546374776423,1.0006057448427434,0.1894803520592917,-0.1849395175134394
90,Subcategory_Jazz,2.4009283589654374e-05,0.04160099571345898,0.9957467875144408,-0.28594284059631103,0.2112901793876162
91,Subcategory_Jewelry,1.600618905976958e-05,-0.024991785920880416,1.0021017796453722,0.20852987300912224,-0.43769302916691294
92,Subcategory_Journalism,5.335396353256528e-06,-0.010992665943961541,1.0011893947664612,0.07143346381396681,-0.02558684236712011
93,Subcategory_Kids,0.0,0.01111985916538373,0.9995078804822237,-0.1759288218945398,0.1667072222733194
94,Subcategory_Knitting,0.0,-0.004415245614291533,1.0001517313196675,0.08992875740925055,-0.26702507722480073
95,Subcategory_Latin,0.0,-0.0006195985265289938,1.0000182763296992,0.01470069633874127,0.12482497653425476
96,Subcategory_Letterpress,0.0,0.009048157603732968,0.99981816060963,-0.3150297499933296,0.08871095473789953
97,Subcategory_Literary Journals,0.0,-0.006202883427564004,1.000276686222076,0.09736761083743845,-0.4067483473432507
98,Subcategory_Literary Spaces,0.0,0.00318021172581192,0.9999645500119274,-0.19960115784278415,0.1998013244565728
99,Subcategory_Live Games,5.335396353256528e-06,-0.02473394859268582,1.0019715994533065,0.21766844552632403,-0.30065506649990137
100,Subcategory_Makerspaces,0.0,-0.0065556234697954595,1.0002451710084168,0.12270536559034542,-0.07166903776520403
101,Subcategory_Metal,0.0,-0.003946739690014869,1.0002696730130731,0.040490504002886896,-0.04029015996222461
102,Subcategory_Mixed Media,5.335396353256528e-06,-0.010536820602793847,1.0013188727678495,0.059288727500015403,-0.13646006996909027
103,Subcategory_Mobile Games,1.600618905976958e-05,-0.04041573763301029,1.00438464428213,0.26193888202157334,-0.40108467205782466
104,Subcategory_Movie Theaters,0.0,-0.0028969381589920287,1.0001164689175917,0.05044448003844154,0.06648218516785798
105,Subcategory_Music,0.0009870483253524576,0.07085720003255011,0.9791722481716088,-0.17490030823229846,0.17443589023043532
106,Subcategory_Music Videos,0.0,-0.013133220761984215,1.0009239517730601,0.13087573479786815,-0.31851403370744696
107,Subcategory_Musical,2.134158541302611e-05,-0.004241119249425079,1.000333047214211,0.03788327958817306,-0.32874307188000584
108,Subcategory_Narrative Film,0.00011204332341838708,0.01621024443773804,0.9971339878706261,-0.0650033486180821,0.12156263560528081
109,Subcategory_Nature,0.0,-0.018169534595414163,1.0010334283860265,0.22379686644315921,-0.32986565078523217
110,Subcategory_Nonfiction,0.0002854437048992242,-0.030168913136917525,1.006884983661473,0.09455097684371996,-0.08050631009028367
111,Subcategory_Painting,2.667698176628264e-06,-0.020957984946147423,1.0030869861161191,0.10046979957692709,-0.249973197518977
112,Subcategory_People,1.0670792706513055e-05,-0.021224465500801135,1.0017450767808291,0.18111806109600165,-0.30883027084860587
113,Subcategory_Performance Art,2.6676981766282637e-05,0.0032802452847044547,0.999619359154107,-0.019890471302099144,-0.04519972202905432
114,Subcategory_Performances,5.335396353256528e-06,0.007285814887672637,0.9994293089414743,-0.06524418284321798,-0.251699996605422
115,Subcategory_Periodicals,2.667698176628264e-06,0.003772375617467072,0.9996703696188546,-0.030301777323085644,0.025095774602238687
116,Subcategory_Pet Fashion,0.0,-0.0061720892600736505,1.0001915672786283,0.13917671771826065,0.03311751780678897
117,Subcategory_Photo,0.0,-0.014083955705466819,1.0005027520401986,0.2761702792525056,-0.6337012054735678
118,Subcategory_Photobooks,2.667698176628264e-06,0.007227669947635807,0.9992789953607811,-0.0509042836504327,-0.012906918448057431
119,Subcategory_Photography,9.070173800536096e-05,-0.01632978973348594,1.0031431160521271,0.06029749550767047,-0.09267181702203403
120,Subcategory_Places,5.335396353256528e-06,-0.02573425386116682,1.001872179427397,0.24803073566962378,-0.4460097699097596
121,Subcategory_Playing Cards,7.202785076896313e-05,0.014511139206623414,0.9982168123568216,-0.08314896915044945,0.0884216199084292
122,Subcategory_Plays,2.6676981766282637e-05,-0.0030889594225338613,1.0002764667454256,0.024227953464880714,-0.29449821340707144
123,Subcategory_Poetry,2.4009283589654374e-05,-0.022359725959456917,1.0020322484492643,0.17271811160125047,-0.41956705039735553
124,Subcategory_Pop,4.801856717930875e-05,0.026227593885016904,0.9961452927899037,-0.12600249025513682,0.13924415918734603
125,Subcategory_Pottery,0.0,0.00718749562221247,0.9998448380780276,-0.2329704537773271,0.08870973325863492
126,Subcategory_Print,2.667698176628264e-06,-0.02109767799799716,1.0013725142476222,0.2272923962128447,-0.4435607036111626
127,Subcategory_Printing,0.0,-0.011085998359993498,1.0004541994771878,0.1894348263930602,-0.42546873140662705
128,Subcategory_Product Design,0.001699323738512204,0.022960237248696003,0.9912553003238176,-0.04480166653934903,0.09532852483414897
129,Subcategory_Public Art,6.936015259233486e-05,0.011888592433066295,0.9983773022211108,-0.06142251995990394,-0.012862077501743195
130,Subcategory_Publishing,0.00010937562524175881,-0.022604384458961128,1.0041408811846722,0.08756894463961262,-0.12290001160339568
131,Subcategory_Punk,2.667698176628264e-06,-0.00952787380610726,1.000383060006201,0.16590918191646978,-0.30037592799991025
132,Subcategory_Puzzles,0.0,-0.003122560159845697,1.000107307772927,0.06359962268047178,-0.20032191287573697
133,Subcategory_Quilts,0.0,-0.008276944684897512,1.0001957388012765,0.24491273790834847,-0.30024370771068654
134,Subcategory_R&B,2.667698176628264e-06,-0.009151669352984173,1.000459299575499,0.12770796344927293,-0.16463211677963652
135,Subcategory_Radio & Podcasts,0.0,-0.003430668732210872,1.0002707648699676,0.03049083200706154,-0.08577989629911739
136,Subcategory_Ready-to-wear,8.00309452988479e-06,-0.01986844991457139,1.001453936510776,0.1903811517191655,-0.06957270082524658
137,Subcategory_Residencies,0.0,0.0032086305708859497,0.9999380468237358,-0.11627578631874314,-0.30031432540962605
138,Subcategory_Restaurants,8.00309452988479e-06,-0.030002199558483232,1.0039647053524838,0.16002346585777422,0.022907496024374967
139,Subcategory_Robots,0.0,0.004074741245919642,0.9997531111011625,-0.04712230321713046,0.03066484745856793
140,Subcategory_Rock,0.0006215736751543855,0.0742378205309543,0.9845206167496078,-0.2537312005570128,0.23166783575562896
141,Subcategory_Romance,0.0,-0.0009135875787728644,1.0000318063590041,0.018367764550970667,-0.16663022781051134
142,Subcategory_Science Fiction,0.0,-0.005793847683200762,1.0003851602006006,0.061088577731876564,-0.09848156186174481
143,Subcategory_Sculpture,0.0,-0.0003538462771426237,1.0000379767422976,0.0023179192141509763,-0.07891404660600075
144,Subcategory_Shorts,0.002310226620960076,0.07752886647018874,0.9777767920828666,-0.19589475096269177,0.09532274982003887
145,Subcategory_Small Batch,1.600618905976958e-05,-0.018446891296313304,1.001974423416403,0.12116611494339524,-0.1780743727274048
146,Subcategory_Software,2.93446799429109e-05,-0.040886498254399446,1.0056744607238244,0.2078052104422276,-0.05055174157799178
147,Subcategory_Sound,0.0,0.0114182174646592,0.9992463205349756,-0.12124549222342917,-0.0012640234727954065
148,Subcategory_Space Exploration,0.0,0.0011507528722723302,0.9999478728764928,-0.01778798599438075,-0.0836198441832976
149,Subcategory_Spaces,0.0,0.004815788336676588,0.9996559010681968,-0.04725485452483086,0.043733676780503584
150,Subcategory_Stationery,0.0,-0.00867148842737978,1.000320675620704,0.16414218930668278,-0.46718437614539565
151,Subcategory_Tabletop Games,0.0006055674860946158,0.10441442062724533,0.9687490661631981,-0.25345103776465777,0.19524342613977577
152,Subcategory_Taxidermy,0.0,0.002248719281008588,0.9999822754788256,-0.19959583294428362,0.1997935871916947
153,Subcategory_Technology,0.00015205879606781104,-0.03837272059452901,1.0080277771994781,0.1307314519787741,-0.03831543073655636
154,Subcategory_Television,0.0,-0.019935384156101774,1.0015212696323514,0.18321943668353094,-0.01625679175952443
155,Subcategory_Textiles,0.0,-0.004901670542574399,1.0002099227738819,0.08013357141305685,-0.1503264513777026
156,Subcategory_Theater,0.0010377345907083945,0.09433027375418876,0.9794874800316368,-0.3096400634902635,0.1834459739387279
157,Subcategory_Thrillers,1.3338490883141318e-05,-0.015663083841625205,1.0011019333603948,0.15608643486044851,-0.38280559948211906
158,Subcategory_Translations,0.0,-0.010201414511142145,1.0003114773054025,0.23383639574242848,-0.5503797238139327
159,Subcategory_Typography,0.0,0.008109170779533825,0.9997695074366142,-0.19965975048368806,-0.03551777799720449
160,Subcategory_Vegan,0.0,-0.006513262046925604,1.000384459574694,0.07731070126122822,-0.06501229439461254
161,Subcategory_Video,0.0,-0.016469742842894965,1.0008058863441718,0.23571652264204404,-0.38374247480234347
162,Subcategory_Video Art,0.0,-0.010878672886520929,1.000373849053371,0.2215744310531443,-0.4670423251555826
163,Subcategory_Video Games,0.0006882661295700921,-0.03767051484717935,1.0104181447359366,0.09842175156995131,0.019826092774825745
164,Subcategory_Wearables,0.0,0.0017727333423059593,0.9998441498470657,-0.014153456227365302,0.07426733440453664
165,Subcategory_Weaving,0.0,-0.004949555951477677,1.0001202587137934,0.14255088168708674,-0.20025392667818914
166,Subcategory_Web,8.536634165210444e-05,-0.0626390165076821,1.0112875495260043,0.24657438450501323,-0.279955080171312
167,Subcategory_Webcomics,0.0,0.006967687508464018,0.9995619969250692,-0.07767484451648932,-0.11475348860741669
168,Subcategory_Webseries,5.86893598858218e-05,-0.012714966599488956,1.002391687709663,0.048008547769188115,0.02171306100941644
169,Subcategory_Woodworking,0.0,-0.02171776990620221,1.0018976998840363,0.17444896648272026,-0.3009410081783049
170,Subcategory_Workshops,0.0,-0.005089471832149322,1.0001604940315787,0.11295770560055512,-0.20029005277660575
171,Subcategory_World Music,1.600618905976958e-05,0.019659962849531663,0.997775236308123,-0.12221006797184558,0.11052296412185753
172,Subcategory_Young Adult,0.0,-0.019868449914571436,1.001453936510776,0.1903811517191655,-0.2871315329323512
173,Subcategory_Zines,0.0,-0.0021915748251174903,1.0001126757812924,0.029855105250176373,-0.25353360705155475
174,Country_Australia,0.00026676981766282637,-0.035199273273562516,1.0077995265655124,0.11347605769281191,-0.11393860812574617
175,Country_Austria,2.667698176628264e-06,-0.012806463892771661,1.0007759446741942,0.1481002199338953,-0.11237783396166401
176,Country_Belgium,0.0,-0.015118421477126193,1.0009003425893255,0.177872945585841,-0.33393246334975624
177,Country_Canada,0.0008563311146976727,-0.04302574145048109,1.0133189179534572,0.10123816069786074,-0.15819142839706218
178,Country_Denmark,8.00309452988479e-06,-0.013526535048248738,1.0010992282469153,0.11677744611805432,-0.2350413245331766
179,Country_France,2.93446799429109e-05,-0.010282491560403489,1.0013843300786043,0.05384781006964742,-0.03241671833798112
180,Country_Germany,7.202785076896313e-05,-0.03038859360411629,1.0048676513873163,0.13418512184227147,-0.08712380514178551
181,Country_Hong Kong,0.0,0.008553509185540866,0.9994951103640661,-0.10152789625448227,0.11664317528084647
182,Country_Ireland,2.667698176628264e-06,-0.010441592680768103,1.0007596309227247,0.1006376920094651,-0.07115255868249186
183,Country_Italy,3.201237811953916e-05,-0.03331531218711125,1.0043985475269919,0.17785293968206117,-0.1701067762585789
184,Country_Japan,0.0,-1.0316885401873311e-05,1.0000001818427748,0.00040954629740797,-0.1335696900948069
185,Country_Luxembourg,0.0,-0.004696821140952996,1.0000979551041818,0.15758177545602337,0.19979521654640786
186,Country_Mexico,2.4009283589654374e-05,-0.018882389247254217,1.002009938127455,0.12470475621636601,-0.19721373929126362
187,Country_Netherlands ,2.6676981766282637e-05,-0.02068055818896293,1.0027574416429015,0.10933644486166219,-0.09491355325695466
188,Country_New Zealand,5.335396353256528e-06,-0.013529617468128374,1.0012664048846769,0.10150167549000874,-0.11767410081264429
189,Country_Norway,0.0,-0.016416320816754367,1.0010521167566815,0.17951343631804356,-0.21408531300847433
190,Country_Singapore,0.0,-0.0018572679432689008,1.0001040989771373,0.023213041218640318,-0.04052380116505315
191,Country_Spain,1.8673887236397845e-05,-0.022249894998573938,1.0026620107769422,0.1309035081185388,-0.1230009034360401
192,Country_Sweden,8.00309452988479e-06,-0.01458956436155866,1.0015594233349783,0.09595992445458651,-0.09867687800316255
193,Country_Switzerland,0.0,-0.008106366810442396,1.0005273615392576,0.08733262196440014,-0.03341537465164022
194,Country_United Kingdom,0.001304504408371221,-0.04757662938343024,1.0227427237408697,0.0764609082089667,-0.19332240647410395
195,Country_United States,0.0008056448493417356,0.10590983887488191,0.6935828370465651,-0.11766026194802073,0.18404165943692538
196,Launched_year_2009,2.134158541302611e-05,0.006181556175162685,0.9994521676246082,-0.04896143158164862,-0.021730967667007335
197,Launched_year_2010,0.00037081004655132866,0.043781300436310525,0.9886747738835945,-0.12180837755190321,0.12673118680785062
198,Launched_year_2011,0.0038094729962251605,0.12253321854996523,0.9484207566269477,-0.21914124113334893,0.27798496234089864
199,Launched_year_2012,0.004177615344599861,0.11102701039362681,0.9404499170593441,-0.16270617105294788,0.2379435320985549
200,Launched_year_2013,0.0008109802456949921,0.08927228398403972,0.9496625787586536,-0.12588267834750216,0.14655165393610126
201,Launched_year_2014,0.009334275920022405,-0.07950995603904583,1.0570848464914673,0.09462463477447772,-0.14335666075670295
202,Launched_year_2015,0.011895266169585538,-0.13518632520632418,1.1030499230382145,0.15502574087680623,-0.22294041072446855
203,Launched_year_2016,0.0068853289938776594,-0.05473077270046434,1.0346209908277317,0.07093004233804931,-0.09515684344421257
204,Launched_year_2017,0.0015526003387976496,0.00389966526732707,0.9975991745938233,-0.005152600514380823,-0.06448902113096848
205,Launched_year_2018,1.600618905976958e-05,-0.0029274553988914757,1.00008938328291,0.06710300992336193,-0.5674700383065392
206,Launched_month_1,0.0008376572274612748,-0.012539907115546723,1.005424462874702,0.021909926984225114,-0.014989994731995075
207,Launched_month_2,0.00033879766843178947,0.008386815999620134,0.9962718085614525,-0.014318950814967923,0.015059318229251585
208,Launched_month_3,0.000434834802790407,0.020358068834619193,0.9901721667647051,-0.032454906176731635,0.024569715266584587
209,Launched_month_4,0.0005335396353256527,0.01016174173673539,0.9952851556279234,-0.016738292078799955,0.017844989354090988
210,Launched_month_5,0.0010163930052953685,0.010613743728208211,0.9949990795313436,-0.017261414681238207,0.03771568784468074
211,Launched_month_6,0.001011057608942112,0.0014500939584675052,0.9993217545534715,-0.0023727002091816773,0.012901950469577074
212,Launched_month_7,0.0027263875365140856,-0.03228874314129306,1.0162143305762776,0.04985380931589356,-0.058108632546416406
213,Launched_month_8,0.0018727241199930412,-0.024297024052564828,1.011182821344831,0.040291073800718114,-0.04503152169029476
214,Launched_month_9,0.00115244561230341,-0.002598161352858087,1.001186294915337,0.004337294494028143,0.008349507411324255
215,Launched_month_10,0.0015526003387976496,0.008534752822848352,0.9959433066836498,-0.013780519890020937,0.025085206088539883
216,Launched_month_11,0.00038681623561109824,0.009199913992539055,0.9956929484521082,-0.015041621175626962,0.009748213115880543
217,Launched_month_12,0.0018860626108761825,0.004056474838388242,0.9984193266087616,-0.0077576653121537165,-0.04688886845839682
218,Launched_day_1,0.0001760680796574654,0.031621299637897296,0.989870694012593,-0.0721024745412081,0.047787197200537576
219,Launched_day_2,2.667698176628264e-06,0.009513329184761806,0.9972096065159833,-0.02352873157881924,0.025437677458575378
220,Launched_day_3,0.00010137253071187402,-0.0018544581122795364,1.0005304919528444,0.004694593226704846,-0.006437213433203939
221,Launched_day_4,0.00010670792706513055,0.003207952156876877,0.9991093564154356,-0.008350988680915328,0.00606701510805285
222,Launched_day_5,0.00012004641794827187,-0.0006563721386557836,1.0001833270857936,0.001699132767999545,0.002263527521812376
223,Launched_day_6,0.00010937562524175881,0.004634651100797207,0.998673658392688,-0.011728255076515592,0.009835453105012895
224,Launched_day_7,0.00019740966507049152,0.002245580019268572,0.9993669565866868,-0.0057628956162644185,0.009144576753199875
225,Launched_day_8,0.00013872030518466972,-0.0057027963422367055,1.0016233801054826,0.014502882481427892,-0.009137919707230692
226,Launched_day_9,0.0003014498939589938,-0.007391051978064326,1.0021267447615596,0.018608603543062152,-0.012006082752536992
227,Launched_day_10,0.00017873577783409367,0.0015951874459268851,0.9995343843695114,-0.003963187917560562,0.01569363671871669
228,Launched_day_11,0.000192074268717235,-0.006013070028209755,1.001747218707642,0.015002233981513624,-0.005537891309221096
229,Launched_day_12,0.0001894065705406067,-0.0008791627849902398,1.0002490821023013,0.0022457274251506676,-0.017594634083285585
230,Launched_day_13,7.736324712221964e-05,0.0034420218781479506,0.9990272410258388,-0.008812742403885132,0.014753102848922759
231,Launched_day_14,0.00011471102159501533,-0.00388890894887685,1.0011145077323822,0.00982809050458422,-0.01717486046285087
232,Launched_day_15,0.00013872030518466972,0.009447418161417545,0.997280450859081,-0.02377705192227425,0.02955351625107321
233,Launched_day_16,8.536634165210444e-05,-0.0006266513095936054,1.0001730059119396,0.0016399154666252858,-0.0018585163240768254
234,Launched_day_17,0.00017873577783409367,-0.0032326979205626882,1.0009149308927783,0.008265573031348339,-0.0014527621090600525
235,Launched_day_18,0.00020007736324711978,0.010411615397986717,0.9970808858885104,-0.026856326805136166,0.018433813459813694
236,Launched_day_19,4.535086900268048e-05,0.0006282136721445836,0.9998251355657867,-0.0016314402598812672,0.004927749439670205
237,Launched_day_20,0.00014405570153792625,-0.007628302157616054,1.002154509023347,0.01954242940951123,-0.026414936594536104
238,Launched_day_21,0.00019740966507049152,0.0027019264271432573,0.9992340218815777,-0.006897784559420306,0.013142479539291537
239,Launched_day_22,0.00012004641794827187,-0.0031626726797145096,1.0008803357731015,0.008213306661885744,-0.004343605925115349
240,Launched_day_23,0.00013338490883141318,-0.004796064012145706,1.001313412693886,0.012646721116590931,-0.014069100082037999
241,Launched_day_24,0.00014939109789118276,-0.0025487022798280886,1.0006883613354878,0.00680864031526307,-0.0019086006303155913
242,Launched_day_25,0.00010137253071187402,-0.005623141696215305,1.0015118228950683,0.015086076757967137,-0.011407624024660366
243,Launched_day_26,0.00015739419242106757,-0.006458708099426381,1.0016951855606409,0.017724683935354424,-0.0180022729996851
244,Launched_day_27,0.00012804951247815665,-0.00639589147149345,1.0017176175106852,0.017177700522048978,0.0018956357401471238
245,Launched_day_28,0.00010670792706513055,-0.009263697286382265,1.0024814962232627,0.02493898167796843,-0.03749142793442536
246,Launched_day_29,9.60371343586175e-05,0.0008700050399706063,0.9997743972856762,-0.0024149355190123956,-0.01168473415287222
247,Launched_day_30,0.00014138800336129797,-0.008342279452119985,1.0021837944438958,0.022950731901738408,-0.03300053597388122
248,Launched_day_31,0.00010137253071187402,-0.002777510325120659,1.0005769902008776,0.009527106527983442,-0.0206875624278306
249,Launched_hour_0,0.00038681623561109824,-0.015699774402330523,1.0059975004517199,0.030553201803581898,-0.01139706149535271
250,Launched_hour_1,0.0003468007629616743,-0.010396537145426014,1.003691855752291,0.02159126856740934,-0.03158622246011413
251,Launched_hour_2,0.00019740966507049152,-0.006687880623302255,1.0022062372452425,0.014845794812474,-0.019650967598538596
252,Launched_hour_3,9.60371343586175e-05,-0.01354256040723425,1.004198818294819,0.03181890499189488,-0.020401961467442213
253,Launched_hour_4,5.602166170919354e-05,-0.011294093230119913,1.0032485211287534,0.02844603143926122,-0.0045627115323105295
254,Launched_hour_5,4.268317082605222e-05,-0.0065912487276158374,1.0017882317228237,0.017533545869149292,-0.0008868707744114114
255,Launched_hour_6,0.00012271411612490012,0.014220007394260744,0.9962641777102834,-0.038988966454586826,0.044877182980479165
256,Launched_hour_7,4.0015472649423955e-05,-0.002004362398040648,1.0004571393416724,0.006285526406072384,0.006829776498065394
257,Launched_hour_8,8.536634165210444e-05,-0.0015954825409530808,1.0003386680300468,0.005360141512796179,0.02573886323352991
258,Launched_hour_9,9.070173800536096e-05,0.004815971942354392,0.9989718859720488,-0.016091163403417874,0.0497013565719718
259,Launched_hour_10,5.86893598858218e-05,-0.0035236414142750024,1.0006904430916985,0.012787959959895678,0.01380457508222322
260,Launched_hour_11,9.336943618198923e-05,0.005604805716328813,0.9989791433228081,-0.021834505302672724,0.02635702948827721
261,Launched_hour_12,6.936015259233486e-05,0.0028637122649974884,0.9994272529167314,-0.010189107274387987,-0.002486000740450696
262,Launched_hour_13,0.00010137253071187402,0.019993132833487273,0.9955161197496301,-0.06371353375320388,0.007857366440449362
263,Launched_hour_14,0.00010404022888850228,0.03285983656979183,0.991391942875979,-0.09034047648984256,0.04302581775997674
264,Launched_hour_15,4.801856717930875e-05,0.03593917354400785,0.9890123183480849,-0.08553908267004251,0.05511848353414131
265,Launched_hour_16,0.00030411759213562207,0.03441925317364497,0.9877575118003411,-0.07137595631186033,0.06278891613312176
266,Launched_hour_17,0.0005575489189153071,0.021532337731515964,0.9912152622223813,-0.03956206043341853,0.032639126780966435
267,Launched_hour_18,0.0006215736751543855,0.005644719869606205,0.9976137928102695,-0.010058423793207871,0.004137925522469603
268,Launched_hour_19,0.000536207333502281,-0.0014279729908980244,1.0005827699454346,0.0026229305977374384,-0.006910183473860736
269,Launched_hour_20,0.0004988595590294853,-0.011123312083219924,1.0045414778420252,0.020423954464475258,-0.033206742818937776
270,Launched_hour_21,0.0006135705806245006,-0.01507749935552847,1.006103057022872,0.027892258577337736,-0.02428217703638667
271,Launched_hour_22,0.00037614544290458517,-0.027237803341666336,1.0109544831588733,0.05067095290699225,-0.061718272325232984
272,Launched_hour_23,0.00046151178455668964,-0.024938312318766098,1.009817620897566,0.047266451016455435,-0.03445258600507875
273,Launched_minute_0,0.00012004641794827187,0.06375699550864906,0.9820829174492365,-0.16410269752269074,0.14184488825158986
274,Launched_minute_1,5.068626535593701e-05,0.024618223956813786,0.9940442301578094,-0.07297924286497154,0.06362505748855758
275,Launched_minute_2,2.6676981766282637e-05,0.01642083664573773,0.9962677399986098,-0.05166438829213821,0.06399593499368522
276,Launched_minute_3,4.535086900268048e-05,0.001782862614028392,0.9996192595515845,-0.005954886374454349,0.015896590436386242
277,Launched_minute_4,1.600618905976958e-05,0.000640029200990258,0.9998669929580375,-0.002194567471854647,-0.010856742653842299
278,Launched_minute_5,4.268317082605222e-05,0.0024779413767872073,0.9994955226811384,-0.008666543230664014,-0.007609815562585491
279,Launched_minute_6,3.734777447279569e-05,-0.0032998931623103205,1.0006602490527179,0.011736487107584792,0.010394052138209407
280,Launched_minute_7,8.003094529884791e-05,-0.003934357134704762,1.0007966210388195,0.013833075586966115,-0.013322507510451543
281,Launched_minute_8,8.00309452988479e-06,-0.0047914533071234285,1.0009435635854802,0.017305324977347825,0.004868276815915961
282,Launched_minute_9,5.602166170919354e-05,-0.0045730103954269,1.0009031523353626,0.016470280888289945,0.008411131572155658
283,Launched_minute_10,2.4009283589654374e-05,-0.004538898424212253,1.000903767198882,0.016218840520494382,-0.02302982758862402
284,Launched_minute_11,3.734777447279569e-05,0.0033302821931497036,0.9993499038863728,-0.012130459545247108,0.002662285397028258
285,Launched_minute_12,1.8673887236397845e-05,-0.006984105703326727,1.0013384546054682,0.025897486790685653,-0.00659548444671116
286,Launched_minute_13,5.602166170919354e-05,-0.010336742814922705,1.0020598779544017,0.036907375727156744,-0.05238123669700977
287,Launched_minute_14,4.268317082605222e-05,-0.0012120578435976489,1.0002337979707305,0.004466155976921959,-0.013230507216167989
288,Launched_minute_15,3.468007629616743e-05,0.00042226033667956496,0.9999181985250732,-0.0015494809237195373,0.010653517509023307
289,Launched_minute_16,4.535086900268048e-05,-0.006518373582741892,1.0012530103056114,0.024099315203228888,-0.0005829235320484044
290,Launched_minute_17,3.468007629616743e-05,-0.008986105872320828,1.001760054521643,0.03262547155262474,-0.06353724547253387
291,Launched_minute_18,2.4009283589654374e-05,-0.0005128561509139627,1.0000980706218487,0.0019057347241390743,-0.028639158225641056
292,Launched_minute_19,1.600618905976958e-05,-0.0035369696705160056,1.0006801975012016,0.013071167339642698,-0.020302851638241325
293,Launched_minute_20,5.86893598858218e-05,-0.0013406601870096782,1.0002558047181476,0.004992403693343583,-0.00804257575671104
294,Launched_minute_21,3.468007629616743e-05,-0.004866044705129497,1.0009325431519305,0.018043588374378694,0.02663981182301039
295,Launched_minute_22,2.4009283589654374e-05,-0.00377809545828344,1.0007103389226526,0.014271412324690758,-0.01043772827646599
296,Launched_minute_23,7.736324712221964e-05,0.001417570640183966,0.9997243299876853,-0.005182504188105619,0.015500022868541071
297,Launched_minute_24,4.268317082605222e-05,-0.010749547477899572,1.0020600749673134,0.03985997286412035,-0.033216026553509755
298,Launched_minute_25,6.669245441570659e-05,-0.0022343705870604283,1.0004324785741079,0.008205798185390745,-0.0019686439583589156
299,Launched_minute_26,1.3338490883141318e-05,-0.0030617408617691346,1.000580068701184,0.011480059128355868,-0.025143054134598976
300,Launched_minute_27,3.734777447279569e-05,-0.005243748041008825,1.0010193007752213,0.01917852302383727,-0.03752699584005527
301,Launched_minute_28,1.0670792706513055e-05,-0.008061501456787147,1.0015603618644957,0.02960612461008938,-0.04549143450027508
302,Launched_minute_29,2.6676981766282637e-05,-0.004006439527069633,1.0007951562969017,0.014361275155430286,0.011557616707478097
303,Launched_minute_30,7.202785076896313e-05,0.004339253606681484,0.9991203628639908,-0.015239375059385663,0.04133136825392121
304,Launched_minute_31,5.86893598858218e-05,0.006856939232644655,0.9986368883758104,-0.024540367705835342,0.019203873992590815
305,Launched_minute_32,8.00309452988479e-06,-0.005391729501005066,1.0010413726101555,0.019842465250358654,-0.026174897070071423
306,Launched_minute_33,3.734777447279569e-05,0.0014738046722342227,0.9997151009621369,-0.005419337948272596,0.00835202361670533
307,Launched_minute_34,2.134158541302611e-05,-0.004411338735287142,1.000871581351765,0.0158816789680003,-0.030679644447192945
308,Launched_minute_35,2.4009283589654374e-05,-0.005693202323168645,1.0011146267677296,0.02067843827248833,-0.01872199045258793
309,Launched_minute_36,3.468007629616743e-05,-0.013524547620704345,1.0025828220267343,0.05032034401912383,-0.04672422831188661
310,Launched_minute_37,3.734777447279569e-05,-0.007658782620011539,1.0014741428386764,0.028279936126635374,-0.02106986977219955
311,Launched_minute_38,9.070173800536096e-05,-0.0023470098454201225,1.0004499841003092,0.008699177602714159,-0.028295258587252268
312,Launched_minute_39,2.4009283589654374e-05,-0.009102166701523957,1.0017443660590062,0.03375138520699267,-0.0311671761970076
313,Launched_minute_40,0.0,-0.015111328921834009,1.0028424439322143,0.05705661518835142,-0.06695191272242498
314,Launched_minute_41,2.667698176628264e-06,-0.0029224950325925187,1.0005680863056359,0.010688755033860242,-0.025609014661321063
315,Launched_minute_42,6.936015259233486e-05,-0.001983070863776236,1.0003826860828544,0.007304115218681073,-0.027347950009001185
316,Launched_minute_43,2.134158541302611e-05,-0.00560288456979055,1.0010577115366461,0.021081220556054825,-0.01037593140764213
317,Launched_minute_44,1.600618905976958e-05,-0.0039317040288429665,1.000766851643953,0.014332807240749978,-0.011453033015677551
318,Launched_minute_45,4.0015472649423955e-05,-0.003805912532660696,1.0007544332854013,0.01365863862846406,-0.028913896742723134
319,Launched_minute_46,6.402475623907833e-05,-0.0011620334143455724,1.0002191712724962,0.0043760420205298245,0.005507224236205609
320,Launched_minute_47,5.335396353256528e-06,-0.004512348993416035,1.000884545770262,0.01636954793577594,-0.03881856073269267
321,Launched_minute_48,5.335396353256528e-06,-0.0042425453815072185,1.0008302663946949,0.015415712894737144,-0.022398689508550246
322,Launched_minute_49,8.00309452988479e-06,-0.001994701627698076,1.000377066598916,0.007495405066892558,-0.04035584777428636
323,Launched_minute_50,2.667698176628264e-06,-0.002595577433417793,1.0005049669231705,0.009485291946328633,-0.0013399305934223595
324,Launched_minute_51,3.201237811953916e-05,-0.0011238562211449467,1.0002213169444878,0.0040590392701547184,-3.8964946983365695e-05
325,Launched_minute_52,6.135705806245006e-05,-0.005413355580599198,1.001041046794869,0.020005508459075727,-0.02176266627210455
326,Launched_minute_53,4.801856717930875e-05,-0.002224522005371016,1.0004223907497825,0.008322908544705188,-0.016084038637268386
327,Launched_minute_54,5.86893598858218e-05,-0.0038867308679213443,1.0007380098562926,0.01454195799074448,-0.015333324579203177
328,Launched_minute_55,4.0015472649423955e-05,0.009939583700048018,0.9980638071591127,-0.03627864822168603,0.03216711722659801
329,Launched_minute_56,2.6676981766282637e-05,-0.00015924248691354063,1.0000305176996238,0.0005904807825853342,0.011752517904707032
330,Launched_minute_57,2.134158541302611e-05,0.003361237014569048,0.9993191562810345,-0.01181353023000048,0.028462200202508017
331,Launched_minute_58,3.734777447279569e-05,0.005692194114654956,0.9988447456854759,-0.019968256079598068,0.011286580704064676
332,Launched_minute_59,0.0001680649851275806,0.024425583030036998,0.9946163592292199,-0.07914514193179345,0.06944116389833101
333,Launched_second_0,4.801856717930875e-05,0.0049687191981621255,0.9989849037474275,-0.017319695303361526,0.011625543781529243
334,Launched_second_1,0.0,0.002521755782969546,0.9994993042011736,-0.009035793895166178,0.02132576646934865
335,Launched_second_2,3.468007629616743e-05,-0.002203760956887466,1.0004386261860032,0.007877782265679645,-0.012253190633257006
336,Launched_second_3,5.068626535593701e-05,-0.0032254171029996496,1.0006317430527727,0.011710384390573148,0.009819334172269715
337,Launched_second_4,5.86893598858218e-05,0.0033112506948962863,0.9993282304777414,-0.011620271259836001,0.002818262312467984
338,Launched_second_5,5.3353963532565274e-05,0.003634785712029985,0.9992649022176889,-0.012794337135404454,0.02029278288445814
339,Launched_second_6,5.602166170919354e-05,-0.002041006170713428,1.0004124476583363,0.00718974161071978,-0.009800623891830389
340,Launched_second_7,2.6676981766282637e-05,0.0024238120090304535,0.9995217005039834,-0.008736627128376362,0.030820616094704
341,Launched_second_8,2.4009283589654374e-05,0.0011152706342666178,0.9997714513303447,-0.0038760339894400864,-0.024112064711358835
342,Launched_second_9,3.734777447279569e-05,0.001827582136863968,0.9996308266469046,-0.0064403735541554985,0.02627110961553638
343,Launched_second_10,2.667698176628264e-06,0.000831362732920102,0.9998337261092051,-0.0029579941299229806,0.001972973354608651
344,Launched_second_11,4.268317082605222e-05,-0.0028899507961336946,1.0005688719415913,0.010441836893657797,0.009196360054041113
345,Launched_second_12,4.535086900268048e-05,-0.000546477968017792,1.0001091646805558,0.0019466404873120235,-0.0015658978554739383
346,Launched_second_13,1.8673887236397845e-05,0.0006479073624186514,0.9998734171549241,-0.002358063554011136,-0.002295307560015447
347,Launched_second_14,6.402475623907833e-05,-0.007440516735093549,1.0015059503557613,0.02617053542627573,-0.034321328679190244
348,Launched_second_15,1.600618905976958e-05,-0.0037244286523437026,1.000751151371666,0.013144857181554448,0.024612088599074784
349,Launched_second_16,8.00309452988479e-06,-0.007444689978452172,1.0014672691635749,0.02686653341628681,-0.058585105724454405
350,Launched_second_17,1.3338490883141318e-05,0.0015987878213268884,0.9996842454248465,-0.005758238495229051,0.004421133823077315
351,Launched_second_18,2.6676981766282637e-05,0.0082306334702531,0.9983387149882221,-0.029026734705399293,0.03972183812379487
352,Launched_second_19,5.602166170919354e-05,0.0031438663043213684,0.999359948843455,-0.01099560041777703,-0.015455873944227871
353,Launched_second_20,1.8673887236397845e-05,0.00025742077592581347,0.9999499402806056,-0.0009411060101864321,0.005962755878265193
354,Launched_second_21,8.269864347547618e-05,0.0013097889689832611,0.9997387777143337,-0.004672953389815215,-0.01975331857551951
355,Launched_second_22,5.068626535593701e-05,-0.00038875266749785557,1.0000773754972427,0.001389673802949909,0.008524025046151094
356,Launched_second_23,2.667698176628264e-06,0.0002600768026852318,0.9999472575791449,-0.0009130398174462817,-0.02801337038908502
357,Launched_second_24,2.6676981766282637e-05,0.0006418620941473225,0.9998702921522215,-0.002261052745872738,0.0032581997969714435
358,Launched_second_25,1.0670792706513055e-05,0.004499934289864989,0.9991109141585887,-0.016200640226754437,0.029844913851492662
359,Launched_second_26,2.93446799429109e-05,0.0005593844800316389,0.9998912646012579,-0.002045896951105297,0.008052539766546237
360,Launched_second_27,5.068626535593701e-05,-0.0005911449978606878,1.0001182774428319,0.002102481900125519,-0.002825464645394689
361,Launched_second_28,4.801856717930875e-05,0.0024132731096547,0.9995218205143088,-0.008664166031163378,-0.020079328551106154
362,Launched_second_29,3.734777447279569e-05,0.006460404570809671,0.998758671712017,-0.023895039061500256,0.027532210276499162
363,Launched_second_30,3.201237811953916e-05,0.0012529509157863917,0.9997520380931558,-0.00450370811769546,0.01574588919315215
364,Launched_second_31,6.135705806245006e-05,-0.011641489822670444,1.0023123648375536,0.041696621994701144,-0.06544037198665906
365,Launched_second_32,2.6676981766282637e-05,0.005484734846690091,0.9989167855182252,-0.019753972921889185,0.030167026075883282
366,Launched_second_33,7.202785076896313e-05,0.0003773431379241485,0.9999242281464286,-0.001337408844936383,-0.0047394971508740655
367,Launched_second_34,7.469554894559138e-05,-0.0007767767081767752,1.0001539148989507,0.0027887943315902386,-0.00905495144740447
368,Launched_second_35,6.936015259233486e-05,0.005048067442709176,0.9989847148422034,-0.017864259628041446,-0.0019250771722177928
369,Launched_second_36,3.734777447279569e-05,0.0038273508015301753,0.9992550773376313,-0.013980956834889924,0.01524651256194079
370,Launched_second_37,1.600618905976958e-05,0.0053637571661025694,0.9989259477448734,-0.019062099992090076,0.02110942011936296
371,Launched_second_38,3.734777447279569e-05,-0.002659243534886671,1.0005443228908988,0.00925225671609059,-0.0016603642343510049
372,Launched_second_39,3.734777447279569e-05,-0.001188434300315738,1.0002350974685834,0.004273498940626008,0.02313903395288317
373,Launched_second_40,5.068626535593701e-05,-0.001667838374082828,1.0003244762422663,0.006094957404770396,0.005353032260749964
374,Launched_second_41,3.201237811953916e-05,-0.0018596885000003215,1.0003763983951506,0.006541083839183615,0.002000634478847123
375,Launched_second_42,5.3353963532565274e-05,-0.0037026122669324996,1.0007117436994457,0.013689061997366359,-0.04024296775967448
376,Launched_second_43,4.535086900268048e-05,0.004651303328703429,0.9990660016326831,-0.01648551036732987,0.017773410331097465
377,Launched_second_44,5.068626535593701e-05,-0.004755063564919833,1.0009688217001016,0.01661828052527481,-0.04899985588672534
378,Launched_second_45,3.201237811953916e-05,-0.00462242185651529,1.0009170358998514,0.01657582868094143,-0.051346509621562224
379,Launched_second_46,2.6676981766282637e-05,-0.0024992051283869096,1.00049215943486,0.009026396410352133,-0.013665042822938685
380,Launched_second_47,6.402475623907833e-05,-0.001656208146937878,1.0003249338808027,0.0060034133416195234,-0.020850188523923747
381,Launched_second_48,6.135705806245006e-05,-0.001673770129592491,1.0003242475160368,0.0061418860859369095,0.014321142503706256
382,Launched_second_49,2.667698176628264e-06,0.004522869831143677,0.999119707491977,-0.016521623221410375,0.03310920035402066
383,Launched_second_50,4.801856717930875e-05,0.0009006133926373315,0.9998238237628719,-0.0032737963800311687,0.011668368678620124
384,Launched_second_51,4.535086900268048e-05,-0.0021652471627360294,1.0004189198226194,0.007955237980637686,0.017636363858683612
385,Launched_second_52,2.93446799429109e-05,0.0018313920836044177,0.999634897557054,-0.006536436581899063,0.010360037276205797
386,Launched_second_53,6.402475623907833e-05,-0.005612358087429617,1.0011061360487086,0.02025398056017419,0.0007734262929750199
387,Launched_second_54,2.134158541302611e-05,-0.0007596292792928364,1.0001488462435522,0.0027568380734223075,0.016628823871835008
388,Launched_second_55,4.801856717930875e-05,-0.0024735949715708116,1.0004877206885943,0.00892318874778375,0.005656809956045686
389,Launched_second_56,1.3338490883141318e-05,0.0014262556218917139,0.9997161248084823,-0.005098434659779882,-0.016021983246920227
390,Launched_second_57,3.201237811953916e-05,-0.0008146452967124703,1.0001636488912347,0.0028862179548825306,0.0008095363813046923
391,Launched_second_58,5.3353963532565274e-05,0.0009968939665224376,0.9998056447487563,-0.003635605455572233,-0.01910720513391531
392,Launched_second_59,5.86893598858218e-05,-0.005648235881749652,1.0011007197618367,0.020607157502981865,0.00243175070509858
393,Deadline_year_2009,2.667698176628264e-06,-0.0022321652912696993,1.000163345738043,0.021388794838383907,-0.123775640648706
394,Deadline_year_2010,0.00025876672313294156,0.03927456163876108,0.9905649443643162,-0.11720701766512592,0.09490019757320753
395,Deadline_year_2011,0.003774792919928993,0.11796160638874784,0.9515860843836211,-0.2156176008526965,0.26587147189201327
396,Deadline_year_2012,0.0043776927078469806,0.11503074671667723,0.937878621209155,-0.1676770964917798,0.246438886931122
397,Deadline_year_2013,0.0009256912672900075,0.09191631752442718,0.9486733258550567,-0.13057487349965102,0.15373295449465924
398,Deadline_year_2014,0.008563311146976837,-0.0693303961226811,1.0491398327858992,0.08319381447823962,-0.13188746400069046
399,Deadline_year_2015,0.012090008136479402,-0.13285670937480182,1.1014895969747034,0.15216007875544346,-0.2159867472202067
400,Deadline_year_2016,0.006986701524589534,-0.059442436493780296,1.0379255361717996,0.07657184452364646,-0.10140919836426882
401,Deadline_year_2017,0.006111696522655463,-0.0010808686461615021,1.0006683086211128,0.0014237274654466114,0.0029800477586093936
402,Deadline_year_2018,0.0008456603219911596,-0.0016199642513136784,1.0002365140332483,0.007833483907083993,-0.4159575630547527
403,Deadline_month_1,0.0023342359045497307,0.007991136607175086,0.9967900138086678,-0.014881702141042341,-0.030676427477838813
404,Deadline_month_2,0.0001253818143015284,-0.00979583736799228,1.0039297232209154,0.01826356301722276,-0.03865065245502889
405,Deadline_month_3,0.0004214963119072657,0.009695103328098018,0.995459579615106,-0.01584679186557858,0.004575782263946938
406,Deadline_month_4,0.00016006189059769582,0.017074729717150502,0.9919886399948923,-0.027865922785334174,0.019804554028511896
407,Deadline_month_5,0.0007496231876325421,0.008514337171082735,0.9959309517320971,-0.013686246279825343,0.010957467327708022
408,Deadline_month_6,0.0009256912672900075,0.014718617118840283,0.9931814461274174,-0.024275603907414567,0.05342912891826311
409,Deadline_month_7,0.001253818143015284,-0.003354017911160452,1.0016004050738732,0.005398281125321147,-0.00011636493634016934
410,Deadline_month_8,0.0024142668498485786,-0.02824134924429325,1.0141883005937657,0.04358871995263908,-0.058605037257472875
411,Deadline_month_9,0.001771351589281167,-0.02327408316510732,1.0106238978476971,0.03886169032415704,-0.027932025416487913
412,Deadline_month_10,0.0012884982193114513,-0.003261872984865892,1.001513183017079,0.0053736846279801576,0.006837350978700366
413,Deadline_month_11,0.0012965013138413362,0.0063515012765984966,0.9970718470375212,-0.010518000162830277,0.021233845625186
414,Deadline_month_12,0.0018940657054060672,0.0045700874707790854,0.9978439835383086,-0.007424740481684344,0.027677653820099738
415,Deadline_day_1,0.00037081004655132866,0.026028583183910173,0.9903102099679284,-0.051824614367684096,0.0644761733804555
416,Deadline_day_2,1.8673887236397845e-05,0.016155457420717344,0.9953057061860971,-0.04030685675818457,0.01980318747186167
417,Deadline_day_3,9.870483253524576e-05,0.006145111221000401,0.9983067786666894,-0.01611099740972649,0.01856862001434695
418,Deadline_day_4,0.0001547264942444393,0.0020616773764961455,0.9994260054936257,-0.005353003839570103,0.0049184368475980456
419,Deadline_day_5,6.135705806245006e-05,0.007659366315639188,0.9978425812550397,-0.0196718157789475,-0.0013049207924491213
420,Deadline_day_6,0.00019740966507049152,-0.005797752499875601,1.0015936732136645,0.015234595975448795,-0.013926457506776277
421,Deadline_day_7,0.00012004641794827187,0.0001941593436482103,0.9999453568179276,-0.0004990566693585108,1.6888316308354134e-05
422,Deadline_day_8,0.00022675434501340241,0.001456983011540877,0.9995915906021178,-0.0037589687205162314,-0.01083798047642278
423,Deadline_day_9,0.0002054127596003763,0.000813438640506294,0.9997744029508979,-0.002119689920683898,0.027698303470629727
424,Deadline_day_10,0.0001840711741873502,-0.007464287277957127,1.002149977219509,0.01877541176339015,-0.020543750240571
425,Deadline_day_11,0.0001547264942444393,-0.0038128074938571085,1.0010696772654921,0.009829160087072297,-0.030547504079861117
426,Deadline_day_12,4.801856717930875e-05,-0.0037823697563953264,1.001044236753326,0.009898274477446622,0.002514389433345251
427,Deadline_day_13,0.00012004641794827187,-0.0016766039982399675,1.0004676836692612,0.004345367821411428,0.017797644202300237
428,Deadline_day_14,0.00019740966507049152,-0.004800663758735007,1.0013342704126558,0.012484602506786402,-0.024013876156743483
429,Deadline_day_15,6.135705806245006e-05,0.0007958348311035789,0.9997687541474533,-0.001985558174250779,0.01150298621600963
430,Deadline_day_16,4.801856717930875e-05,0.009489680016807313,0.9972284516260754,-0.023563915620057052,0.015336705201732127
431,Deadline_day_17,0.00016006189059769582,0.0030556984531006997,0.999159504496538,-0.008024433967346478,-0.014451081425918347
432,Deadline_day_18,0.00011471102159501533,0.0031051723825055453,0.9991678250120971,-0.008355882780895774,0.009256488238170109
433,Deadline_day_19,0.00015739419242106757,-0.0038676616806076524,1.0010563599406215,0.01022403892680579,-0.006142178411955013
434,Deadline_day_20,0.00014138800336129797,-0.0007812150578368514,1.0002216981758962,0.001992452640675435,-0.014942611701251492
435,Deadline_day_21,0.00011471102159501533,0.00722672290986456,0.9979759771326763,-0.018659452729377357,0.0278311766253956
436,Deadline_day_22,0.00024009283589654373,0.002303039271258842,0.9993829356325454,-0.006198717075741544,-0.0038253498169364304
437,Deadline_day_23,0.0001894065705406067,0.007475896342917941,0.9979914281154356,-0.02006967878622795,0.0060104016634135934
438,Deadline_day_24,0.00016006189059769582,-0.00874813399446542,1.0023190259924026,0.02378374471807526,-0.014558520616670682
439,Deadline_day_25,0.0001253818143015284,-0.009718547989658015,1.0026254096445952,0.025956749787345135,-0.023235492470314527
440,Deadline_day_26,0.0001253818143015284,-0.010615701716439632,1.0027929032806664,0.02906736029906326,0.013012484226142474
441,Deadline_day_27,0.00010670792706513055,-0.012396707982771257,1.0032043823767973,0.03451415585376877,-0.03580272911893358
442,Deadline_day_28,0.00012271411612490012,-0.005829248235271314,1.001520441023583,0.01609181049489583,-0.007881698878046822
443,Deadline_day_29,0.0002560990249563133,-0.011442497266426122,1.0029130511393596,0.0323190826407172,-0.017038632911633718
444,Deadline_day_30,0.00023742513771991548,-0.013767584616988274,1.0038100321820116,0.03594869912160131,-0.04523765165710171
445,Deadline_day_31,0.00013872030518466972,-0.0015022896223522463,1.0003855427634623,0.004211054373761347,-0.02884299144577632
